id,type,text1,text2,text3,text4,notes
conquest_ii,SHIP,"This ship is a survivor of the original 2nd Domain Battlegroup which served as the praetorian for the Sol system. It is a prime specimen the 2nd Battlegroup's ""Adamantium Lance"" doctrine, particularly exhibited by a series of radical structural modifications performed using pre-Collapse industrial technology.

The Conquest-class battlecruiser is the embodiment of concentrated firepower. Developed in the period just preceding the popularization of fighter craft, the class emphasizes firepower and speed over armor protection.","The Conquest-class battlecruiser is the embodiment of concentrated firepower. Developed in the period just preceding the popularization of fighter craft, the class emphasizes firepower and speed over armor protection.",,,
eagle_ii,SHIP,"This ship is a survivor of the original 2nd Domain Battlegroup which served as the praetorian for the Sol system. It is a prime specimen the 2nd Battlegroup's ""Adamantium Lance"" doctrine, particularly exhibited by a series of radical structural modifications performed using pre-Collapse industrial technology. 

Eagle-class cruisers are often found at the core of military fleets headed for battle. It is not hard to see why: A strong overall profile, with a robust engine, the Eagle's deadly weapons package is a threat to all enemies.

The Eagle can deliver a strong tactical punch to enemy formations. Its numerous turret and hardpoint emplacements make it very dangerous to smaller foes. Decent armor and a strong shield emitter let it hold space while outnumbered, or even when faced with the rare larger ship. 

These strengths are somewhat countered by strike craft - an Eagle captain must always watch their scopes for an approaching strike squadron, since their ship will be easily crippled by multiple hits from modern strike weapons. 

The embodiment of the sleek and powerful space cruiser from the time of the Domain, the Eagle-class ships are a beautiful reminder of the technological and aesthetic achievements of humanity's past. ","Agile for a cruiser, the Eagle is difficult to flank and has impressive and focused frontal firepower.",,,
hammerhead_ii,SHIP,"This ship is a survivor of the original 2nd Domain Battlegroup which served as the praetorian for the Sol system. It is a prime specimen the 2nd Battlegroup's ""Adamantium Lance"" doctrine, particularly exhibited by a series of radical structural modifications performed using pre-Collapse industrial technology. 

A midline destroyer from the golden age of the Domain, the Hammerhead is respected for its staying power in battle as well as its ballistic capabilities.",,,,
brawler_ii,SHIP,"This ship is a survivor of the original 2nd Domain Battlegroup which served as the praetorian for the Sol system. It is a prime specimen the 2nd Battlegroup's ""Adamantium Lance"" doctrine, particularly exhibited by a series of radical structural modifications performed using pre-Collapse industrial technology. 

Typically deployed to beef up system police forces and port authority security, the Brawler-class frigate is a robust design which trades mobility (and comfort) for impressive firepower, armor, and a destroyer-grade power generator.",,,,
invictus_ii,SHIP,"This ship is a survivor of the original 2nd Domain Battlegroup which served as the praetorian for the Sol system. It is a prime specimen the 2nd Battlegroup's ""Adamantium Lance"" doctrine, particularly exhibited by a series of radical structural modifications performed using pre-Collapse industrial technology. 

A design dating to the first explosive expansion of the Domain, this gargantuan mass of armor and all-big-guns was the gauntleted fist that smashed all opposition, spreading hegemony by fear and force over all of spacefaring humanity that was worth conquering.

The steady march of military technology left the hull outdated, however. Its armor design was incompatible with early shield generators, its minimum crew complement staggering, and targeting systems unsophisticated. Modernized replacements were soon developed and the Onslaught-class, among others, was churned out by the great Domain forges. 

As a demostration of the raw power of the domain, and their  ""Adamantium Lance"" doctrine, few Invictuses were moved out of museums, by the Second Battlegroup and  undergone radical modifications and modernization efforts. These ships are used both as a ceremonial piece and a propaganda spotlight, but its combat capabilities should not be underestimated.",,,,
spinalgauss,WEAPON,"A giant spinal mounted railgun, the Lance of Oblivion is custom made for the Invictus of the Second Battlegroup. No other ship, not even of mighty Onslaught could handle its enormous size and recoil. It fires a giant Adamantium ""Dart"" (if you can even call it that) that could rip a destoryer in half with one shot, even when it is technically an anti-shield weapon.",,,,
heron_ii,SHIP,"This ship is a survivor of the original 2nd Domain Battlegroup which served as the praetorian for the Sol system. It is a prime specimen the 2nd Battlegroup's ""Adamantium Lance"" doctrine, particularly exhibited by a series of radical structural modifications performed using pre-Collapse industrial technology. 

The Heron provides the strategic and tactical mobility of a cruiser with potential firepower limited only by available strike-craft. It is the perfect accompaniment to the quick-moving and hard-hitting fleet of an admiral who knows when to take the initiative, hit quickly, and withdraw while enemy forces are still responding to the threat.

Historically the Heron represented a movement in Domain Armada strategy from a heavy capital ship doctrine based on overwhelming firepower toward a focus on strike craft and support cruisers that enable sufficient firepower to be quickly focused on weak points, a strategic shift that would reverse itself as a natural reaction against tradition from each successive generation of Armada officers. This process was occurring once more in the cycles immediately preceding the fall of the gate system and, in something of a coup for the so-called ýCruiser Schoolý, the forward-thinking Altair Exotech won the Heron design contract over the traditional manufacturer of heavy Armada warships, Orion Shipyards. 

However the doctrinal shift embodied by the Heron was interrupted by the isolation of The Fall, and as such it is not often found in core Hegemony fleets (whose officers still cling to tradition). This hull has however found great popularity among the independent worlds, megacorporations, and mercenary forces of the Sector that tend to field leaner, faster fleets.",,,,
trident_ii,SHIP,"This wing is a survivor of the original 2nd Domain Battlegroup which served as the praetorian for the Sol system. It is a prime specimen the 2nd Battlegroup's ""Adamantium Lance"" doctrine, particularly exhibited by a series of radical structural modifications performed using pre-Collapse industrial technology. 

Equipped with dual Atropos-class torpedoes and a top-notch shield generator, the Trident is perhaps the most feared of all bombers. Its effectiveness is somewhat limited by its low top speed and demanding logistical profile.",,,,
broadsword_ii,SHIP,"This wing is a survivor of the original 2nd Domain Battlegroup which served as the praetorian for the Sol system. It is a prime specimen the 2nd Battlegroup's ""Adamantium Lance"" doctrine, particularly exhibited by a series of radical structural modifications performed using pre-Collapse industrial technology. 

Tough and agile, the Broadsword carries a decoy flare launcher that draws defensive fire away from high-value targets like bombers and their payloads. However, it can falter if faced with the need to deal the killing blow itself.",,,,
warthog_ii,SHIP,"This wing is a survivor of the original 2nd Domain Battlegroup which served as the praetorian for the Sol system. It is a prime specimen the 2nd Battlegroup's ""Adamantium Lance"" doctrine, particularly exhibited by a series of radical structural modifications performed using pre-Collapse industrial technology. 

Boasting superb armor and respectable firepower, the Warthog is capable of trading blows with larger ships, but lacks shield-breaking weapons. A decoy flare launcher helps draw fire away from its more vulnerable allies.",,,,
condor_iia,SHIP,"This ship is a survivor of the original 2nd Domain Battlegroup Auxilia designed to support the Domain's readied lance. These are often cheaper low-tech ships that undergo slight overhaul to service alongside the elite 2nd Battlegroup fleet.

The Condor-class sees heavy service in the Sector as this carrier-converted freighter is, for many independent polities, the easiest way to procure fighter capability for their organization. Even with limited flight deck space, the Condor gets the job done, relying on its tough armor, excellent bulkhead strength, and a respectable (for a light carrier) weapons package.

This light carrier design is derived from Tarsus-class freighters modified by desperate scavengers and pirates. The conversion process was once an involved and complex affair requiring space dock facilities, but nowadays any hull-capable forge that will accept a stock Tarsus spec will, with the addition of a custom modchip, get you something just as good.

Some in the Sector argue that even the Domain, with all their technological know-how, relied on similar conversions to make more efficient use of a merchant fleet during times of escalated hostilities on the voluminous galactic frontier. Others point out that it is unclear how ubiquitous this approach was - there could have been fleets of Condors roaming Domain space, but there is scarce hard evidence one way or the other. Such data was all lost in the Collapse.",,,,
atlas_iia,SHIP,"This ship is a survivor of the original 2nd Domain Battlegroup Auxilia designed to support the Domain's readied lance. These are often cheaper low-tech ships that undergo slight overhaul to service alongside the elite 2nd Battlegroup fleet.

The Atlas-class ships are large space-borne cargo platforms with an FTL drive and a few defensive systems. Hundreds of containers can be latched on to the hull and carried with ease by this behemoth. 

Typically used to efficiently resupply entire outposts, the Atlas is ill suited to the small and fast trade runs that are the mainstay of commerce in the sector. Their slow speed and large size always tempt uninvited guests, ranging from curious gawkers come to see the hulking colossus, to scavenging pirates aiming to disable a container's magneto-gravitic fastener, to Pather fanatics bent on destroying it all. Nonetheless, the Hegemony makes wide use of them, especially to offload biomass from farming worlds on a seasonal basis. For this purpose, the Hegemony assembles large Atlas convoys; these are protected by military cruisers that ensure that the lifeline of Hegemony citizens is kept safe.

The captaincy of an Atlas is a rare punishment for the able, an uneven mixture of soul-numbing boredom and abject terror, being the results of normal trade runs and pirate attacks, respectively.",,,,
champion_ii,SHIP,"This ship is a survivor of the original 2nd Domain Battlegroup which served as the praetorian for the Sol system. It is a prime specimen the 2nd Battlegroup's ""Adamantium Lance"" doctrine, particularly exhibited by a series of radical structural modifications performed using pre-Collapse industrial technology.

The Champion-class heavy cruiser is a versatile warship featuring a range of powerful energy weapons; the crowning element is a heavy energy turret mounting, rare among midline ships. This offensive array is backed by a robust energy grid capable of supercharging the energy weapon loadout, increasing damage output to devastating levels. A heavy missile hardpoint complements the loadout by enabling the Champion to unleash a crippling strike without taxing flux levels. The Champion is a solid and capable contender, able to face capital ships on the battle-line.

A relatively recent design, the Champion is a product of the historically recent ""Cruiser School"" naval revolution that never saw active service in the pre-collapse Domain Armada. Although prototypes were constructed and forge-ready specifications distributed to several battlegroups, the Champion was never cleared for active deployment due to an ongoing lawsuit between Altair Exotech and Orion Shipyards. Each megacorp accused the other of industrial espionage and inappropriately influencing the Armada officers overseeing the procurement process. The truth was more complex, inflaming longstanding rivalries in the officer corps as the investigatory committee called witness after witness. The Collapse prevented any sort of conclusive ruling from reaching the Persean Sector however, and now the entire matter is considered irrelevant. With the discovery of Champion plans on a Domain armaments courier, the warship was quickly put into service by the fleet of the Persean League, among others.",,,,
kite_iia,SHIP,"This ship is a survivor of the original 2nd Domain Battlegroup Auxilia designed to support the Domain's readied lance. These are often cheaper low-tech ships that undergo slight overhaul to service alongside the elite 2nd Battlegroup fleet.

A familiar civilian design, the ""Kite""-class aeroshuttle is the day-to-day reminder of Fabrique Orbitale's reputation for aeronautical engineering- a valuable specialty even in the age of space travel. This compact space/aircraft is streamlined for efficient atmospheric flight and boasts a grid of cleverly distributed short-burst maneuvering thrusters coordinated by a delta-level AI subsystem to ensure smooth landings (a point driven home by Fabrique marketing by way of amusing ad-holos featuring a well-dressed couple and an overfull wine glass). The Kite has powerful engines for a civilian ship of its size, though zero-G maneuverability leaves something to be desired when the special subsystem is not engaged.

In the dangerous cycles post-Collapse, the Kite has been outfitted with a defense turret in place of the executive-class viewing dome and the two auxiliary jet-pods are replaced with missile systems (which do not need to draw on the limited powerplant). It won't stand up in a fair fight, but the Kite can be given unexpectedly sharp teeth and use its speed to escape from raiders. Luddic Path radicals have even been known to use modified Kite to deliver strike weapons against helpless freighters, followed by engaging the maneuvering subsystem to make a swift exit to avoid the wrath of their victim's escort.",,,,
shepherd_iia,SHIP,"This ship is a survivor of the original 2nd Domain Battlegroup Auxilia designed to support the Domain's readied lance. These are often cheaper low-tech ships that undergo slight overhaul to service alongside the elite 2nd Battlegroup fleet.

The Ko Combine r450 ""Shepherd"" sets the standard for civilian drone tenders with unmatched reliability, low cost, and internal volume given to crew comfort. A wildly popular combat modification package has been assembled by various survivalist and pirate groups, the ""HK"" mod, which consists of specifications to up-armor the hull for combat and supercharge factory-spec systems for greater burst speed and weapon function. Even modified, the Shepherd is fragile, so as in civilian life it relies on a swarm of  Borer  utility drones to do its work.

The ""Borer"" is built on a hardy, maneuverable semi-autonomous drone chassis with shielding suitable for hazardous operations in which high radiation or physical impacts may be expected. Commonly used in mining applications, they have also found use in salvage, ordnance disposal, and even fission meltdown clean-up. The HK mod package gives specifications for altering the primary cutting beam's focus and patches the rudimentary AI with crude tactical algorithms pirated from obsolete Domain Colonial Garrison drone software. Appendices of the mod package recommend caution when employing HK-modified drones in non-combat situations.",,,,
