id,variant,tags,tier,rarity,fleet pts,op cost,formation,range,attackRunRange,attackPositionOffset,num,role,role desc,refit,base value,,,,,,,,,,,,,number
ssp_mercurylake,ssp_mercurylake,"interceptor,interceptor5,ssp_bp",1,,12,20,V,4000,500,500,2,INTERCEPTOR,截击机,16,8000,,,,,,,,,,,,,
ssp_hivedrone,ssp_hivedrone,"support3,fighter,ssp_bp,auto_fighter",1,,4,4,CLAW,4000,500,,4,SUPPORT,点防御,8,1000,,,,,,,,,,,,,1
ssp_heavyfog,ssp_heavyfog,"fighter2,interceptor,ssp_bp",1,,14,18,V,4000,500,500,3,FIGHTER,重型战斗机,12,6000,,,,,,,,,,,,,1
ssp_dustfog,ssp_dustfog,"fighter4, fighter,ssp_bp",1,,6,9,V,4000,500,500,3,FIGHTER,战斗机,12,4000,,,,,,,,,,,,,
ssp_mudslide,ssp_mudslide,"bomber4, bomber, high,ssp_bp",1,,6,10,V,4000,2500,350,2,BOMBER,轰炸机,16,4600,,,,,,,,,,,,,
ssp_claw_wing,ssp_claw,"fighter2, interceptor,ssp_bp,auto_fighter",1,,5,1,CLAW,4000,300,500,1,FIGHTER,战斗机,7,1000,,,,,,,,,,,,,
,,,,,,,,,,,,,,,,,,,,,,,,,,,,
ssp_hivedrone_bulitin,ssp_hivedrone,"no_drop, no_sell",1,,4,5,CLAW,4000,500,,6,SUPPORT,点防御,8,1000,,,,,,,,,,,,,1
,,,,,,,,,,,,,,,,,,,,,,,,,,,,
