name,id,tags,tech/manufacturer,rarity,base price,stack size,cargo space,baseRaidDanger,icon,sound id,sound id drop,plugin,plugin params,desc,order
Hacked Sixth Battlegroup Package,jdp_sixth_package,"package_bp, no_drop, codex_unlockable",Domain Courier Service,0,500000,1000,1,,graphics/icons/cargo/jdp_vi_package_icon.png,ui_chip_pickup,ui_bp_package_drop,com.fs.starfarer.api.campaign.impl.items.MultiBlueprintItemPlugin,jdp_sixth_package,"At one point contained the design specifications for the ships used by the Sixth Battlegroup, has since been hacked to solely produce a refit of the Falcon (VI) by a shortsighted pirate. This blueprint package was likely lost during the changeover before The Collapse. Stored on a Domain-Era Datachip, a highly secure form of data transfer often employed by the Domain Admiralty, it was intended to be physically moved by dedicated packet ships. ",280
Planetkiller,planetkiller,"no_drop,pather8, aotd_ignore_gp, codex_unlockable",Consolidated Mysore-Congreve,,1000000,1000,1,,graphics/icons/cargo/planetkiller.png,ui_cargo_special_military_pickup,ui_cargo_special_military_drop,com.fs.starfarer.api.campaign.impl.items.GenericSpecialItemPlugin,jdp_pksilo,"A specialized warhead capable of sundering a world. Operating principles are only dimly understood and are thought to involve utilizing the world's spin and some form of resonance.

This one is safed and requires authorization codes, possibly long-lost, to become anything more than a complicated, but completely inert piece of machinery.",10
Frictionless NMC-000,jdp_frictionlessmetal,"no_drop, codex_unlockable",Novel Technology,,150000,1000,1,,graphics/icons/cargo/jdp_frictionless.png,ui_cargo_metals,ui_cargo_metals_drop,com.fs.starfarer.api.campaign.impl.items.ShroudedHullmodItemPlugin,jdp_emulatedfrictionlesshull,"An anomalous crystalline material acquired in extremely limited quantities during fringe mining operations on Maddie. Designation Frictionless NMC-000, the substance was formed in the radiation of a red pulsar and is iridescent like the shell of an arthropod-analog. 

Considered a chronohazard, it is capable of demonstrating novel temporal properties, inverting the effect of relativity within its sphere of influence with an effect proportional to mass.",401
Dead Alpha Core,jdp_dead_alpha,"mission_item, codex_unlockable",,,100000,1000,1,,graphics/icons/cargo/jdp_dead_alpha.png,ai_core_pickup,ui_alpha_core_drop,com.fs.starfarer.api.campaign.impl.items.BaseSpecialItemPlugin,,"Once the physical soul of a fearsome alien intelligence, this alpha core is now an inert and very complicated bundle of circuitry and interfacing conduits. The alpha-level AI that was housed within this core and designated Ochre Pendragon has been declared ""mind-dead"" after an encounter with the entity known as Omega, or more accurately, a file sent from Omega via an extradimensional commlink.

An alpha can create art which perfectly simulates human pathos, as evidenced by our conversations with Ochre Pendragon who claims to have been taught to write poetry by another AI, Amaranth Heuristic, whom seemingly filled some kind of parental role.",0
Volturnian Lobster Eggs,jdp_lobster_eggs,"no_drop,pather8, aotd_ignore_gp, codex_unlockable",Aquamesh Biogenics,,120000,1000,1,,graphics/icons/cargo/jdp_lobster_eggs.png,ui_cargo_special_industrial_pickup,ui_cargo_special_industrial_drop,com.fs.starfarer.api.campaign.impl.items.GenericSpecialItemPlugin,aquaculture,"A clutch of volturnian lobster eggs, stored in finely tuned cryosleep.  

In an adequately controlled environment, this initial population can be rapidly increased and eventually released into the wider natural oceanic environment, allowing for industrial scale lobster trawling on ocean worlds. A genetically encoded failsafe in accordance with the Domain Invasive Species Proliferation Act causes volturnian lobsters to lose fertility within a generation in the wild.",10
