name,id,designation,tech/manufacturer,system id,fleet pts,hitpoints,armor rating,max flux,8/6/5/4%,flux dissipation,ordnance points,fighter bays,max speed,acceleration,deceleration,max turn rate,turn acceleration,mass,shield type,defense id,shield arc,shield upkeep,shield efficiency,phase cost,phase upkeep,min crew,max crew,cargo,fuel,fuel/ly,range,max burn,base value,cr %/day,CR to deploy,peak CR sec,CR loss/sec,supplies/rec,supplies/mo,c/s,c/f,f/s,f/f,crew/s,crew/f,hints,tags,rarity,,breakProb,minPieces,maxPieces,travel drive,number
Plunder,jdp_plunder,Missile Destroyer,Pirate,fastmissileracks,12,4000,250,7500,8333,500,65,,90,80,60,30,30,400,FRONT,,200,0.5,1.2,,,50,20,200,50,2,25,9,45000,5,15,300,0.25,12,12,,,,,,,,"pirate_bp, merc",,,0.5,2,3,,301
Epistle,jdp_epistle,Flagship,Midline,maneuveringjets,2,900,150,1400,1000,80,25,,140,150,75,45,85,120,OMNI,,270,0.5,0.8,,,10,30,30,15,1,15,9,4000,5,20,180,0.25,2,2,,,,,,,,"rare_bp, merc",,,0.75,2,2,,217
Shoebill,jdp_shoebill,Support Minelayer,Midline,targetingfeed,40,15000,1000,20000,30000,1200,420,4,30,20,15,6,4,3500,OMNI,,120,0.4,1.2,,,400,1000,600,300,10,30,8,500000,3,15,600,0.25,60,60,,,,,,,"CARRIER, COMBAT","midline_bp, merc",,,0.5,2,4,,503
Gretchen,jdp_gretchen,Phase Cruiser,Low Tech,targetingfeed,25,11000,1200,6000,12000,400,150,3,60,60,60,12,18,1000,PHASE,phasecloak,,,,0.06,0.1,120,200,100,75,3,25,8,100000,5,20,480,0.25,25,25,,,,,,,CARRIER,lowtech_bp,,,0.7,3,4,,406.5
Supremator,jdp_supremator,Battlecruiser,Lion's Guard,highenergyfocus,24,12000,1200,20000,30000,1200,300,,45,20,15,6,4,2500,OMNI,,90,0.4,1.4,,,400,500,300,300,10,30,8,300000,3,15,600,0.25,40,40,,,,,,,,LG_bp,,,0.5,2,4,,503
Meridian,jdp_meridian,Cruiser,High Tech,drone_strike,17,7000,750,10000,16000,750,180,2,75,40,20,22,22,1800,OMNI,,180,0.5,0.5,,,75,200,150,90,3,30,8,250000,4,20,420,0.25,35,35,,,,,,,,"rare_bp, hist2t, merc, ind",,,0.6,2,3,,405
Cinquedea,jdp_cinquedea,Artillery Cruiser,High Tech,jdp_lidararray,17,5000,650,9000,16000,650,120,,75,45,25,28,28,1600,OMNI,,180,0.5,0.6,,,60,200,150,90,3,30,8,225000,4,20,420,0.25,25,25,,,,,,,,"rare_bp, hist2t, merc, ind",,,0.6,2,3,,405
Cinquedea (S),jdp_cinquedea_takina,Artillery Cruiser,High Tech,jdp_quickdrawlidararray,17,5000,650,9000,16000,650,120,,75,45,25,28,28,1600,OMNI,,180,0.5,0.6,,,60,200,150,90,3,30,8,225000,4,20,420,0.25,25,25,,,,,,,,"no_sell, no_dealer",,,0.6,2,3,,405
Cinquedea (R),jdp_cinquedea_chisato,Artillery Cruiser,High Tech,jdp_combatmasterlidararray,17,5000,650,9000,16000,650,120,,75,45,25,28,28,1600,OMNI,,180,0.5,0.6,,,60,200,150,90,3,30,8,225000,4,20,420,0.25,25,25,,,,,,,,"no_sell, no_dealer",,,0.6,2,3,,405
Cassius,jdp_cassius,Battleship,Low Tech,burndrive,28,20000,3000,12000,12500,500,300,,35,10,15,5,5,3500,FRONT,,180,0.4,1.1,,,1200,1500,300,300,15,20,7,375000,3,12,720,0.25,40,40,,,,,,,,"merc, lowtech_bp",,,0.4,2,4,,507
Arcubus (XIV),jdp_arcubus,Artillery Dreadnaught,XIV Battlegroup,maneuveringjets,35,18000,2000,20000,12500,1200,280,,35,12,15,3,3,4000,FRONT,,120,0.6,1.2,,,1500,2000,300,300,15,20,7,650000,3,12,720,0.25,50,50,,,,,,,,"rare_bp, XIV_bp",,,0.4,2,4,,507
Iota,jdp_iota,Droneship Cruiser,Remnant,phaseteleporter,28,8500,1000,10000,12000,600,160,1,60,35,30,20,25,2000,OMNI,,270,0.4,0.6,,,0,0,120,90,3,30,9,140000,5,15,540,0.25,28,28,,,,,,,"UNBOARDABLE, HIDE_IN_CODEX","remnant, auto_rec, codex_unlockable",,,0.5,2,3,,413
Atlas Mk.II-LP,jdp_atlas,Bombardment Superfreighter,Luddic Path,forgevats,18,9000,750,8000,8750,350,200,,30,8,4,4,2,4000,OMNI,,60,0.5,1,,,250,300,200,400,10,40,7,150000,2,20,720,0.25,24,24,,,,,,,,LP_bp,,,0.7,2,4,,502.5
Lupara,jdp_lupara,Sawn-off Cruiser,Midline,maneuveringjets,12,6000,750,7000,8000,400,125,1,85,75,55,25,30,500,OMNI,,200,0.4,0.8,,,60,150,200,100,2,33,9,80000,4,12,480,0.25,14,14,,,,,,,,"merc, ind",,,0.5,2,3,,400
Cydonia,jdp_cydonia,Longhaul Surveyship,High Tech,fortressshield,30,12000,600,20000,14000,1500,220,2,40,30,20,15,20,3500,FRONT,,360,0.6,0.7,,,400,1000,1000,800,1,100,9,500000,3,15,420,0.25,38,38,,,,,,,,"rare_bp, merc, ind",,,0.6,3,4,,403
Thunderer,jdp_thunderer,Battlecorvette,High Tech,jdp_banisher,30,12000,1000,20000,31250,1500,420,2,35,25,15,8,8,5000,OMNI,,150,0.6,0.6,,,500,1200,300,400,10,30,7,700000,4,20,720,0.25,60,60,,,,,,,,"hightech_bp, merc",,,0.6,3,4,,403
Embrasure,jdp_embrasure,Droneship Dreadnought,Explorarium,lidararray,35,20000,2000,30000,12500,500,240,,35,15,15,4,4,10000,NONE,,0,0,0,,,4000,6000,1000,800,20,40,6,700000,3,12,1200,0.25,40,40,,,,,,,"UNBOARDABLE, HIDE_IN_CODEX","derelict, auto_rec, codex_unlockable",,,0.2,2,2,,511
Falcon (VI-P),jdp_falcon_vi,Missile Cruiser,Pirate,jdp_forgevats,14,6000,750,7000,8000,400,125,,80,70,50,20,25,650,FRONT,,270,0.4,0.8,,,100,180,120,100,3,33,9,500000,4,12,480,0.25,25,25,,,,,,,,"jdp_sixth_package, no_sell, no_dealer, codex_unlockable",,,0.5,2,3,,400
Lorica,jdp_lorica,Destroyer,Low Tech,damper,14,5500,1000,4000,4167,250,75,,70,60,40,20,40,400,FRONT,,150,0.4,0.9,,,80,140,80,50,2,25,9,45000,5,12,420,0.25,15,15,,,,,,,,"rare_bp, merc, ind",,,0.4,2,3,,303.5
Florencia,jdp_florencia,Destoyer,Low Tech,flarelauncher,15,5500,600,2200,1833,180,75,,80,70,50,30,25,500,OMNI,,120,0.4,1.1,,,150,350,120,60,2,15,9,32000,5,10,360,0.25,12,12,,,,,,,,"base_bp, ind",,,0.5,2,3,,302
Florencia (A),jdp_florencia_hegemony,Destoyer,Hegemony,fastmissileracks,15,5500,600,2200,1833,180,75,,80,70,50,30,25,500,OMNI,,120,0.4,1.1,,,150,350,120,60,2,15,9,32000,5,10,360,0.25,12,12,,,,,,,,heg_aux_bp,,,0.5,2,3,,302
Grendel (LP),jdp_grendel_lp,Phase Cruiser,Low Tech,ammofeed,16,11000,1200,6000,12000,600,150,,60,60,60,15,20,1000,PHASE,phasecloak,,,,0.05,0.08,120,120,100,75,3,25,8,120000,5,20,480,0.25,18,18,,,,,,,,"rare_bp, LP_bp",,,0.7,3,4,,406.5
Eider,jdp_eider,Battlecruiser,Midline,orion_device,30,20000,1800,20000,30000,1200,360,,30,20,15,6,4,3200,OMNI,,140,0.4,1.4,,,600,800,300,300,10,30,8,450000,3,15,600,0.25,60,60,,,,,,,,"rare_bp, merc",,,0.5,2,4,,503
Drover (LG),jdp_drover_lg,Gunship,Lion's Guard,flarelauncher_active,11,4500,450,4000,2813,300,80,,70,55,45,22,22,450,FRONT,,300,0.4,0.8,,,90,150,40,40,2,20,9,52000,5,15,360,0.25,14,14,,,,,,,,"LG_bp, codex_unlockable",,,0.5,2,3,,318
,,,,,,,,,,,,,,,,,,,,,,,,,,,,,,,,,,,,,,,,,,,,,,,,,,,,,,
Buffalo (PMMM),jdp_buffalo_pmmm,Freighter,High Tech,jdp_temporalshell,5,3000,125,1500,1167,70,28,,50,25,20,15,7,400,OMNI,,120,0.5,1,,,10,20,400,80,2,40,8,20000,5,20,240,0.25,3,3,133,200,,,,,"CIVILIAN, FREIGHTER","no_sell, no_dealer, codex_unlockable",,,0.6,2,3,,304
,,,,,,,,,,,,,,,,,,,,,,,,,,,,,,,,,,,,,,,,,,,,,,,,,,,,,,
Laplacian,jdp_laplacian,Hyperdestroyer,Unknown,jdp_phasecloak,65,6000,250,8000,16000,500,120,,200,200,200,100,100,500,OMNI,,180,0.3,0.6,0.06,0.01,30,40,30,90,5,30,10,2000000,4,20,420,0.25,65,65,,,,,,,,"omega, codex_unlockable",,,0.6,1,2,jdp_cloakentry,405
Custodian,jdp_custodian,Drone Battlecarrier,Explorarium,targetingfeed,30,18000,1600,25000,25000,1000,450,4,35,25,18,7,10,3500,FRONT,,200,0.4,1,,,0,0,300,400,15,27,7,500000,3,12,720,0.25,40,40,,,,,,,"UNBOARDABLE, CARRIER, COMBAT",codex_unlockable,,,0.4,2,4,,508
Chuuni,jdp_chuuni,Hybrid Droneship Cruiser,High Tech,jdp_temporalshell,35,12000,900,20000,16000,1200,215,,95,55,30,30,30,1800,OMNI,,180,0.5,0.6,,,75,200,150,90,3,30,8,200000,4,20,420,0.25,60,60,,,,,,,,"no_sell, no_dealer, codex_unlockable",,,0.6,2,3,,405
Moulting,jdp_moulting,Caged Beast,Shrouded Dweller,convulsive_lunge,200,100000,1,40000,66667,4000,1000,,70,150,150,15,15,10000,FRONT,,90,0,0.7,,,0,0,0,0,1,0,5,0,100,1,,,40,40,,,,,,,"COMBAT, UNBOARDABLE","dweller, dweller_reckless, no_armor_schematic, codex_unlockable, monster, center_diamond_on_hull_center, limited_tooltip_if_locked, no_battle_salvage",Not available,,0,,,,516
,,,,,,,,,,,,,,,,,,,,,,,,,,,,,,,,,,,,,,,,,,,,,,,,,,,,,,
Penrose,jdp_penrose,Tesseron Fleetkiller,Unknown,jdp_temporalteleporter,240,25000,4000,40000,25000,3000,750,,100,120,120,45,135,10000,OMNI,,30,0,0.5,,,0,0,1000,800,20,50,11,5000000,20,5,,,160,160,,,,,,,SHIP_WITH_MODULES,"omega, codex_unlockable, auto_rec",,,0.5,2,3,,416
,jdp_penrose_leftengine,Left Engine,Unknown,,,4000,600,8000,13333,800,200,,,,,,,1000,NONE,,,,,,,0,0,0,0,0,0,,500000,2,1,,,0,0,,,,,,,"UNBOARDABLE, HIDE_IN_CODEX, DO_NOT_SHOW_MODULES_IN_FLEET_LIST, UNDER_PARENT",omega,,,0.5,2,3,,416
,jdp_penrose_leftspire,Left Spire,Unknown,entropyamplifier,,8000,750,15000,13333,800,200,,,,,,,1000,NONE,,,,,,,0,0,0,0,0,0,,500000,2,1,,,0,0,,,,,,,"UNBOARDABLE, HIDE_IN_CODEX, DO_NOT_SHOW_MODULES_IN_FLEET_LIST, UNDER_PARENT",omega,,,0.5,2,3,,416
,jdp_penrose_plate,Plate,Unknown,,,7500,750,10000,13333,800,150,,,,,,,1000,NONE,,,,,,,0,0,0,0,0,0,,500000,2,1,,,0,0,,,,,,,"UNBOARDABLE, HIDE_IN_CODEX, DO_NOT_SHOW_MODULES_IN_FLEET_LIST, UNDER_PARENT",omega,,,0.5,2,3,,416
,jdp_penrose_rightengine,Right Engine,Unknown,,,4000,600,8000,13333,800,150,,,,,,,1000,NONE,,,,,,,0,0,0,0,0,0,,500000,2,1,,,0,0,,,,,,,"UNBOARDABLE, HIDE_IN_CODEX, DO_NOT_SHOW_MODULES_IN_FLEET_LIST, UNDER_PARENT",omega,,,0.5,2,3,,416
,jdp_penrose_rightspire,Right Spire,Unknown,entropyamplifier,,9000,750,15000,13333,800,200,,,,,,,1000,NONE,,,,,,,0,0,0,0,0,0,,500000,2,1,,,0,0,,,,,,,"UNBOARDABLE, HIDE_IN_CODEX, DO_NOT_SHOW_MODULES_IN_FLEET_LIST, UNDER_PARENT",omega,,,0.5,2,3,,416
,jdp_penrose_shard,Shard,Unknown,,,5000,600,10000,13333,800,150,,,,,,,1000,NONE,,,,,,,0,0,0,0,0,0,,500000,2,1,,,0,0,,,,,,,"UNBOARDABLE, HIDE_IN_CODEX, DO_NOT_SHOW_MODULES_IN_FLEET_LIST, UNDER_PARENT",omega,,,0.5,2,3,,416
,,,,,,,,,,,,,,,,,,,,,,,,,,,,,,,,,,,,,,,,,,,,,,,,,,,,,,
Trident (DEM),jdp_trident,,Midline,,,500,25,500,,50,0,,130,150,125,30,90,50,OMNI,,180,0,1,,,3,3,,,,,,,,,,,,,,,,,,,,,,,0,,,,106
Pup,jdp_pup,,High Tech,phaseteleporter,,1500,150,3000,,150,55,,150,130,100,60,120,200,OMNI,,210,0.4,0.7,,,8,8,,,,,,,,,,,,,,,,,,,,,,,0.25,2,2,,200
Vertex,jdp_vertex,,High Tech,jdp_arcdrone,,450,50,600,,50,0,,160,300,250,90,180,30,OMNI,,150,0,1,,,0,0,,,,,,,,,,,,,,,,,,,,"no_sell, no_dealer",,,0,,,,103
Keep,jdp_keep,,Explorarium,flarelauncher_fighter,,2500,250,700,,100,0,,180,300,300,80,200,30,NONE,,,,,,,0,0,,,,,,,,,,,,,,,,,,,,"derelict, codex_unlockable",,,0,,,,115
Barbican,jdp_barbican,,Explorarium,,,500,125,350,,50,0,,170,240,200,40,120,30,NONE,,,,,,,0,0,,,,,,,,,,,,,,,,,,,,"derelict, codex_unlockable",,,0,,,,116
,,,,,,,,,,,,,,,,,,,,,,,,,,,,,,,,,,,,,,,,,,,,,,,,,,,,,,
DEPRECIATED Arcubus (XIV) OLD,jdp_arcubus_old,Artillery Dreadnaught,XIV Battlegroup,maneuveringjets,35,25000,2500,20000,12500,1200,320,2,32,12,15,8,8,4000,OMNI,,180,0.6,1.2,,,1500,2000,300,300,15,20,7,650000,3,12,720,0.25,50,50,,,,,,,"CARRIER, COMBAT,  HIDE_IN_CODEX","no_sell, no_dealer",,,0.4,2,4,,507
DEPRECIATED Tortuga,jdp_tortuga,Pirate Dreadnought,Pirate,burndrive,35,40000,8000,30000,12500,500,400,2,35,15,15,4,4,10000,PHASE,canister_flak,0,0,0,,,1000,2000,1000,800,20,40,6,700000,3,12,1200,0.25,75,75,,,,,,,"CARRIER, HIDE_IN_CODEX",,,,0.5,2,3,,511
