name,id,tags,tech/manufacturer,rarity,base price,stack size,cargo space,icon,sound id,sound id drop,plugin,plugin params,desc,order
Cerebral Biochip (AI Commander),vice_biochip_ai_commander,,Project Mayfly,,200000,1000,1,graphics/vice/icons/mayfly_biochip.png,ui_cargo_special_ultratech_pickup,ui_cargo_special_ultratech_drop,com.fs.starfarer.api.campaign.impl.items.BaseSpecialItemPlugin,,"A biochip that can imprint a set of memories and habits when implanted into a human brain, allowing the recipient to rapidly obtain new skills. Such technology was tightly controlled by the Domain prior to the Collapse, and few polities of the Persean Sector still know how to program these devices, much less manufacture them from scratch.

This one is encoded with specialized knowledge in leading mixed human/AI fleets in battle. To grant yourself the AI Commander skill, apply the biochip to your ship from the drop-down menu at the top of the ship fitting window. Only the player can make use of this chip.",1
Experimental High Tech Blueprint Package,vice_ex_bp,package_bp,,0.1,500000,1000,1,graphics/icons/cargo/blueprint_hightech.png,ui_chip_pickup,ui_bp_package_drop,com.fs.starfarer.api.campaign.impl.items.MultiBlueprintItemPlugin,vice_ex_bp,"A collection of blueprints for several experimental high-tech hulls. The ships appear to have been undergoing heavy design revisions when this snapshot was taken, and may exhibit significant differences compared to their finalized forms, should such blueprints still exist in the Sector.",270.9
Lion's Guard Blueprint Package,LG_bp_package,"package_bp, no_drop",,,500000,1000,1,graphics/icons/cargo/blueprint_midline.png,ui_chip_pickup,ui_bp_package_drop,com.fs.starfarer.api.campaign.impl.items.MultiBlueprintItemPlugin,LG_bp,"A set of blueprints that enable heavy industry to produce the modified midline hulls employed by the Lion's Guard of the Sindrian Diktat. In theory, no copy of this blueprint set should exist outside of the most well guarded nanoforges of Askonia. In practice, you now have a copy.",270.9
Pipe Bomb,vice_pipebomb,,Light of Ludd,,0,1000,1,graphics/vice/icons/pipebomb.png,ui_cargo_special_military_pickup,ui_cargo_special_military_drop,com.fs.starfarer.api.campaign.impl.items.BaseSpecialItemPlugin,,"A small improvised explosive device consisting of a fuse lit, low grade explosive charge fitted into a metal tube and capped at both ends. It was found next to an extremely blurry surveillance image of some kind, and you're not quite sure why the salvor team saw fit to bring it to you.",1
Signal Masker,vice_signal_masker_device,,Domain Restricted,,200000,1000,1,graphics/vice/icons/signal_masker.png,ui_cargo_special_ultratech_pickup,ui_cargo_special_ultratech_drop,com.fs.starfarer.api.campaign.impl.items.BaseSpecialItemPlugin,,"A rare Domain black-ops device capable of masking the drive signature of a ship. It won't stand up to close scrutiny, but any cursory scan of a fleet running with transponders off will have even the most unusual masked ship show up as nothing more than a cargo freighter.

Installing this device on a unique ship will prevent it from being easily identified and exposing the rest of the fleet when transponders are off. Installation and removal is done via the drop down menu on top of the ship fitting window.",1
